{
  "model_folder": "/helios-storage/helios3-data/cuong/model/Qwen_Math_high",
  "num_checkpoints": 10,
  "checkpoints": [
    "checkpoint-555",
    "checkpoint-1110",
    "checkpoint-1665",
    "checkpoint-2220",
    "checkpoint-2775",
    "checkpoint-3330",
    "checkpoint-3885",
    "checkpoint-4440",
    "checkpoint-4995",
    "checkpoint-5550"
  ],
  "steps": [
    555,
    1110,
    1665,
    2220,
    2775,
    3330,
    3885,
    4440,
    4995,
    5550
  ],
  "results_by_type": {
    "low_llh_train": {
      "perplexity": [
        [
          1.4408516681878671
        ],
        [
          1.4549914146182013
        ],
        [
          1.449318940668454
        ],
        [
          1.5218426570166381
        ],
        [
          1.5458081916941238
        ],
        [
          1.5099995835015396
        ],
        [
          1.5337786169085388
        ],
        [
          1.5948774110385213
        ],
        [
          1.5670874200815372
        ],
        [
          1.5488302986341331
        ]
      ],
      "log_likelihood": [
        [
          -292.0
        ],
        [
          -300.0
        ],
        [
          -296.0
        ],
        [
          -336.0
        ],
        [
          -348.0
        ],
        [
          -328.0
        ],
        [
          -342.0
        ],
        [
          -372.0
        ],
        [
          -360.0
        ],
        [
          -350.0
        ]
      ],
      "avg_perplexity": [
        1.4408516681878671,
        1.4549914146182013,
        1.449318940668454,
        1.5218426570166381,
        1.5458081916941238,
        1.5099995835015396,
        1.5337786169085388,
        1.5948774110385213,
        1.5670874200815372,
        1.5488302986341331
      ],
      "avg_log_likelihood": [
        -292.0,
        -300.0,
        -296.0,
        -336.0,
        -348.0,
        -328.0,
        -342.0,
        -372.0,
        -360.0,
        -350.0
      ]
    },
    "rand_llh_train5": {
      "perplexity": [
        [
          1.301701005576294
        ],
        [
          1.289050950076283
        ],
        [
          1.332569955344138
        ],
        [
          1.374870266457688
        ],
        [
          1.3721875936190053
        ],
        [
          1.3721875936190053
        ],
        [
          1.5129516834096854
        ],
        [
          1.4807935477580523
        ],
        [
          1.5488302986341331
        ],
        [
          1.4865892098369164
        ]
      ],
      "log_likelihood": [
        [
          -160.0
        ],
        [
          -154.0
        ],
        [
          -175.0
        ],
        [
          -193.0
        ],
        [
          -193.0
        ],
        [
          -192.0
        ],
        [
          -252.0
        ],
        [
          -239.0
        ],
        [
          -266.0
        ],
        [
          -241.0
        ]
      ],
      "avg_perplexity": [
        1.301701005576294,
        1.289050950076283,
        1.332569955344138,
        1.374870266457688,
        1.3721875936190053,
        1.3721875936190053,
        1.5129516834096854,
        1.4807935477580523,
        1.5488302986341331,
        1.4865892098369164
      ],
      "avg_log_likelihood": [
        -160.0,
        -154.0,
        -175.0,
        -193.0,
        -193.0,
        -192.0,
        -252.0,
        -239.0,
        -266.0,
        -241.0
      ]
    },
    "student_answer_non_greedy_1": {
      "perplexity": [
        [
          1.5159095547723156
        ],
        [
          1.72110882703888
        ],
        [
          1.9732609918098354
        ],
        [
          2.184200810815618
        ],
        [
          2.325069660277121
        ],
        [
          2.3160050727154613
        ],
        [
          2.504198566965173
        ],
        [
          2.5836903625350174
        ],
        [
          2.8265658663204203
        ],
        [
          2.8045693562372267
        ]
      ],
      "log_likelihood": [
        [
          -241.0
        ],
        [
          -314.0
        ],
        [
          -394.0
        ],
        [
          -452.0
        ],
        [
          -490.0
        ],
        [
          -486.0
        ],
        [
          -532.0
        ],
        [
          -552.0
        ],
        [
          -604.0
        ],
        [
          -596.0
        ]
      ],
      "avg_perplexity": [
        1.5159095547723156,
        1.72110882703888,
        1.9732609918098354,
        2.184200810815618,
        2.325069660277121,
        2.3160050727154613,
        2.504198566965173,
        2.5836903625350174,
        2.8265658663204203,
        2.8045693562372267
      ],
      "avg_log_likelihood": [
        -241.0,
        -314.0,
        -394.0,
        -452.0,
        -490.0,
        -486.0,
        -532.0,
        -552.0,
        -604.0,
        -596.0
      ]
    },
    "high_llh_train": {
      "perplexity": [
        [
          1.3615091450469345
        ],
        [
          1.3802513565351877
        ],
        [
          1.1287307259128108
        ],
        [
          1.1465056484573242
        ],
        [
          1.1309374323971675
        ],
        [
          1.1852122529960252
        ],
        [
          1.08390082204138
        ],
        [
          1.0833717027831364
        ],
        [
          1.0945376440805084
        ],
        [
          1.0765166115218552
        ]
      ],
      "log_likelihood": [
        [
          -135.0
        ],
        [
          -140.0
        ],
        [
          -52.75
        ],
        [
          -59.75
        ],
        [
          -53.75
        ],
        [
          -74.0
        ],
        [
          -35.0
        ],
        [
          -34.75
        ],
        [
          -39.25
        ],
        [
          -32.0
        ]
      ],
      "avg_perplexity": [
        1.3615091450469345,
        1.3802513565351877,
        1.1287307259128108,
        1.1465056484573242,
        1.1309374323971675,
        1.1852122529960252,
        1.08390082204138,
        1.0833717027831364,
        1.0945376440805084,
        1.0765166115218552
      ],
      "avg_log_likelihood": [
        -135.0,
        -140.0,
        -52.75,
        -59.75,
        -53.75,
        -74.0,
        -35.0,
        -34.75,
        -39.25,
        -32.0
      ]
    },
    "student_answer_greedy": {
      "perplexity": [
        [
          1.374870266457688
        ],
        [
          1.391076802093825
        ],
        [
          1.542791981546271
        ],
        [
          1.498248673515724
        ],
        [
          1.5701511286278345
        ],
        [
          1.5397816566846425
        ],
        [
          1.6231602166193055
        ],
        [
          1.6551741833034281
        ],
        [
          1.7143988596205357
        ],
        [
          1.6878195689025528
        ]
      ],
      "log_likelihood": [
        [
          -169.0
        ],
        [
          -175.0
        ],
        [
          -230.0
        ],
        [
          -215.0
        ],
        [
          -240.0
        ],
        [
          -229.0
        ],
        [
          -258.0
        ],
        [
          -268.0
        ],
        [
          -286.0
        ],
        [
          -278.0
        ]
      ],
      "avg_perplexity": [
        1.374870266457688,
        1.391076802093825,
        1.542791981546271,
        1.498248673515724,
        1.5701511286278345,
        1.5397816566846425,
        1.6231602166193055,
        1.6551741833034281,
        1.7143988596205357,
        1.6878195689025528
      ],
      "avg_log_likelihood": [
        -169.0,
        -175.0,
        -230.0,
        -215.0,
        -240.0,
        -229.0,
        -258.0,
        -268.0,
        -286.0,
        -278.0
      ]
    },